STRUCTURE,STRUCTURE_ID,STRUCTURE_NAME,ACTION,REF_AREA,Reference area,FREQ,Frequency of observation,MEASURE,Measure,UNIT_MEASURE,Unit of measure,DOMAIN,Working domain,SEX,Sex,WORK_STATUS,Working status,TIME_PERIOD,Time period,OBS_VALUE,Observation value,OBS_STATUS,Observation status,CONF_STATUS,Confidentiality status,UNIT_MULT,Unit multiplier,DECIMALS,Decimals,CONVENTION,Agricultural convention
DATAFLOW,OECD.TAD.ARP:DSD_FISH_EMP@DF_FISH_EMPL(1.0),"Employment in fisheries, aquaculture and processing",I,IDN,Indonesia,A,Annual,EMP,Employment,PS,Persons,MARINE_NEI,"Marine fishing, nei",_T,Total,_T,Total,2017,,2289529,,A,Normal value,,,0,Units,0,Zero,,
DATAFLOW,OECD.TAD.ARP:DSD_FISH_EMP@DF_FISH_EMPL(1.0),"Employment in fisheries, aquaculture and processing",I,IDN,Indonesia,A,Annual,EMP,Employment,PS,Persons,MARINE_NEI,"Marine fishing, nei",_T,Total,_T,Total,2016,,2261874,,A,Normal value,,,0,Units,0,Zero,,
DATAFLOW,OECD.TAD.ARP:DSD_FISH_EMP@DF_FISH_EMPL(1.0),"Employment in fisheries, aquaculture and processing",I,IDN,Indonesia,A,Annual,EMP,Employment,PS,Persons,MARINE_NEI,"Marine fishing, nei",_T,Total,_T,Total,2015,,2275139,,A,Normal value,,,0,Units,0,Zero,,
DATAFLOW,OECD.TAD.ARP:DSD_FISH_EMP@DF_FISH_EMPL(1.0),"Employment in fisheries, aquaculture and processing",I,MYS,Malaysia,A,Annual,EMP,Employment,PS,Persons,FISH,Fishing sector,_T,Total,_T,Total,2006,,102945,,A,Normal value,,,0,Units,0,Zero,,
DATAFLOW,OECD.TAD.ARP:DSD_FISH_EMP@DF_FISH_EMPL(1.0),"Employment in fisheries, aquaculture and processing",I,MYS,Malaysia,A,Annual,EMP,Employment,PS,Persons,FISH,Fishing sector,_T,Total,_T,Total,2005,,95700,,A,Normal value,,,0,Units,0,Zero,,
DATAFLOW,OECD.TAD.ARP:DSD_FISH_EMP@DF_FISH_EMPL(1.0),"Employment in fisheries, aquaculture and processing",I,MYS,Malaysia,A,Annual,EMP,Employment,PS,Persons,FISH,Fishing sector,_T,Total,_T,Total,2004,,94451,,A,Normal value,,,0,Units,0,Zero,,
DATAFLOW,OECD.TAD.ARP:DSD_FISH_EMP@DF_FISH_EMPL(1.0),"Employment in fisheries, aquaculture and processing",I,MYS,Malaysia,A,Annual,EMP,Employment,PS,Persons,MARINE_NEI,"Marine fishing, nei",_T,Total,_T,Total,2003,,89433,,A,Normal value,,,0,Units,0,Zero,,
DATAFLOW,OECD.TAD.ARP:DSD_FISH_EMP@DF_FISH_EMPL(1.0),"Employment in fisheries, aquaculture and processing",I,MYS,Malaysia,A,Annual,EMP,Employment,PS,Persons,MARINE_NEI,"Marine fishing, nei",_T,Total,_T,Total,2002,,82630,,A,Normal value,,,0,Units,0,Zero,,
DATAFLOW,OECD.TAD.ARP:DSD_FISH_EMP@DF_FISH_EMPL(1.0),"Employment in fisheries, aquaculture and processing",I,MYS,Malaysia,A,Annual,EMP,Employment,PS,Persons,FISH,Fishing sector,_T,Total,_T,Total,2021,,129580,,A,Normal value,,,0,Units,0,Zero,,
DATAFLOW,OECD.TAD.ARP:DSD_FISH_EMP@DF_FISH_EMPL(1.0),"Employment in fisheries, aquaculture and processing",I,MYS,Malaysia,A,Annual,EMP,Employment,PS,Persons,FISH,Fishing sector,_T,Total,_T,Total,2020,,122931,,A,Normal value,,,0,Units,0,Zero,,
DATAFLOW,OECD.TAD.ARP:DSD_FISH_EMP@DF_FISH_EMPL(1.0),"Employment in fisheries, aquaculture and processing",I,MYS,Malaysia,A,Annual,EMP,Employment,PS,Persons,FISH,Fishing sector,_T,Total,_T,Total,2019,,129800,,A,Normal value,,,0,Units,0,Zero,,
DATAFLOW,OECD.TAD.ARP:DSD_FISH_EMP@DF_FISH_EMPL(1.0),"Employment in fisheries, aquaculture and processing",I,MYS,Malaysia,A,Annual,EMP,Employment,PS,Persons,FISH,Fishing sector,_T,Total,_T,Total,2018,,132851,,A,Normal value,,,0,Units,0,Zero,,
DATAFLOW,OECD.TAD.ARP:DSD_FISH_EMP@DF_FISH_EMPL(1.0),"Employment in fisheries, aquaculture and processing",I,MYS,Malaysia,A,Annual,EMP,Employment,PS,Persons,FISH,Fishing sector,_T,Total,_T,Total,2017,,135752,,A,Normal value,,,0,Units,0,Zero,,
DATAFLOW,OECD.TAD.ARP:DSD_FISH_EMP@DF_FISH_EMPL(1.0),"Employment in fisheries, aquaculture and processing",I,MYS,Malaysia,A,Annual,EMP,Employment,PS,Persons,FISH,Fishing sector,_T,Total,_T,Total,2016,,137461,,A,Normal value,,,0,Units,0,Zero,,
DATAFLOW,OECD.TAD.ARP:DSD_FISH_EMP@DF_FISH_EMPL(1.0),"Employment in fisheries, aquaculture and processing",I,MYS,Malaysia,A,Annual,EMP,Employment,PS,Persons,FISH,Fishing sector,_T,Total,_T,Total,2015,,145947,,A,Normal value,,,0,Units,0,Zero,,
DATAFLOW,OECD.TAD.ARP:DSD_FISH_EMP@DF_FISH_EMPL(1.0),"Employment in fisheries, aquaculture and processing",I,MYS,Malaysia,A,Annual,EMP,Employment,PS,Persons,FISH,Fishing sector,_T,Total,_T,Total,2014,,148419,,A,Normal value,,,0,Units,0,Zero,,
DATAFLOW,OECD.TAD.ARP:DSD_FISH_EMP@DF_FISH_EMPL(1.0),"Employment in fisheries, aquaculture and processing",I,MYS,Malaysia,A,Annual,EMP,Employment,PS,Persons,FISH,Fishing sector,_T,Total,_T,Total,2013,,149017,,A,Normal value,,,0,Units,0,Zero,,
DATAFLOW,OECD.TAD.ARP:DSD_FISH_EMP@DF_FISH_EMPL(1.0),"Employment in fisheries, aquaculture and processing",I,MYS,Malaysia,A,Annual,EMP,Employment,PS,Persons,FISH,Fishing sector,_T,Total,_T,Total,2012,,141512,,A,Normal value,,,0,Units,0,Zero,,
DATAFLOW,OECD.TAD.ARP:DSD_FISH_EMP@DF_FISH_EMPL(1.0),"Employment in fisheries, aquaculture and processing",I,MYS,Malaysia,A,Annual,EMP,Employment,PS,Persons,FISH,Fishing sector,_T,Total,_T,Total,2009,,130630,,A,Normal value,,,0,Units,0,Zero,,
DATAFLOW,OECD.TAD.ARP:DSD_FISH_EMP@DF_FISH_EMPL(1.0),"Employment in fisheries, aquaculture and processing",I,MYS,Malaysia,A,Annual,EMP,Employment,PS,Persons,FISH,Fishing sector,_T,Total,_T,Total,2008,,114769,,A,Normal value,,,0,Units,0,Zero,,
DATAFLOW,OECD.TAD.ARP:DSD_FISH_EMP@DF_FISH_EMPL(1.0),"Employment in fisheries, aquaculture and processing",I,MYS,Malaysia,A,Annual,EMP,Employment,PS,Persons,FISH,Fishing sector,_T,Total,_T,Total,2007,,104615,,A,Normal value,,,0,Units,0,Zero,,
DATAFLOW,OECD.TAD.ARP:DSD_FISH_EMP@DF_FISH_EMPL(1.0),"Employment in fisheries, aquaculture and processing",I,IDN,Indonesia,A,Annual,EMP,Employment,PS,Persons,AQUA,Aquaculture,_T,Total,_T,Total,2004,,2459355,,A,Normal value,,,0,Units,0,Zero,,
DATAFLOW,OECD.TAD.ARP:DSD_FISH_EMP@DF_FISH_EMPL(1.0),"Employment in fisheries, aquaculture and processing",I,IDN,Indonesia,A,Annual,EMP,Employment,PS,Persons,AQUA,Aquaculture,_T,Total,_T,Total,2003,,2383588,,A,Normal value,,,0,Units,0,Zero,,
DATAFLOW,OECD.TAD.ARP:DSD_FISH_EMP@DF_FISH_EMPL(1.0),"Employment in fisheries, aquaculture and processing",I,IDN,Indonesia,A,Annual,EMP,Employment,PS,Persons,AQUA,Aquaculture,_T,Total,_T,Total,2002,,2270164,,A,Normal value,,,0,Units,0,Zero,,
DATAFLOW,OECD.TAD.ARP:DSD_FISH_EMP@DF_FISH_EMPL(1.0),"Employment in fisheries, aquaculture and processing",I,IDN,Indonesia,A,Annual,EMP,Employment,PS,Persons,AQUA,Aquaculture,_T,Total,_T,Total,2001,,2190920,,A,Normal value,,,0,Units,0,Zero,,
DATAFLOW,OECD.TAD.ARP:DSD_FISH_EMP@DF_FISH_EMPL(1.0),"Employment in fisheries, aquaculture and processing",I,IDN,Indonesia,A,Annual,EMP,Employment,PS,Persons,AQUA,Aquaculture,_T,Total,_T,Total,2000,,2142759,,A,Normal value,,,0,Units,0,Zero,,
DATAFLOW,OECD.TAD.ARP:DSD_FISH_EMP@DF_FISH_EMPL(1.0),"Employment in fisheries, aquaculture and processing",I,IDN,Indonesia,A,Annual,EMP,Employment,PS,Persons,AQUA,Aquaculture,_T,Total,_T,Total,2020,,2238847,,A,Normal value,,,0,Units,0,Zero,,
DATAFLOW,OECD.TAD.ARP:DSD_FISH_EMP@DF_FISH_EMPL(1.0),"Employment in fisheries, aquaculture and processing",I,IDN,Indonesia,A,Annual,EMP,Employment,PS,Persons,AQUA,Aquaculture,_T,Total,_T,Total,2019,,2494507,,A,Normal value,,,0,Units,0,Zero,,
DATAFLOW,OECD.TAD.ARP:DSD_FISH_EMP@DF_FISH_EMPL(1.0),"Employment in fisheries, aquaculture and processing",I,IDN,Indonesia,A,Annual,EMP,Employment,PS,Persons,AQUA,Aquaculture,_T,Total,_T,Total,2018,,3600854,,A,Normal value,,,0,Units,0,Zero,,
DATAFLOW,OECD.TAD.ARP:DSD_FISH_EMP@DF_FISH_EMPL(1.0),"Employment in fisheries, aquaculture and processing",I,IDN,Indonesia,A,Annual,EMP,Employment,PS,Persons,AQUA,Aquaculture,_T,Total,_T,Total,2017,,3895980,,A,Normal value,,,0,Units,0,Zero,,
DATAFLOW,OECD.TAD.ARP:DSD_FISH_EMP@DF_FISH_EMPL(1.0),"Employment in fisheries, aquaculture and processing",I,IDN,Indonesia,A,Annual,EMP,Employment,PS,Persons,AQUA,Aquaculture,_T,Total,_T,Total,2016,,3991954,,A,Normal value,,,0,Units,0,Zero,,
DATAFLOW,OECD.TAD.ARP:DSD_FISH_EMP@DF_FISH_EMPL(1.0),"Employment in fisheries, aquaculture and processing",I,IDN,Indonesia,A,Annual,EMP,Employment,PS,Persons,AQUA,Aquaculture,_T,Total,_T,Total,2015,,3740528,,A,Normal value,,,0,Units,0,Zero,,
DATAFLOW,OECD.TAD.ARP:DSD_FISH_EMP@DF_FISH_EMPL(1.0),"Employment in fisheries, aquaculture and processing",I,IDN,Indonesia,A,Annual,EMP,Employment,PS,Persons,AQUA,Aquaculture,_T,Total,_T,Total,2014,,3810758,,A,Normal value,,,0,Units,0,Zero,,
DATAFLOW,OECD.TAD.ARP:DSD_FISH_EMP@DF_FISH_EMPL(1.0),"Employment in fisheries, aquaculture and processing",I,IDN,Indonesia,A,Annual,EMP,Employment,PS,Persons,AQUA,Aquaculture,_T,Total,_T,Total,2013,,3833562,,A,Normal value,,,0,Units,0,Zero,,
DATAFLOW,OECD.TAD.ARP:DSD_FISH_EMP@DF_FISH_EMPL(1.0),"Employment in fisheries, aquaculture and processing",I,IDN,Indonesia,A,Annual,EMP,Employment,PS,Persons,AQUA,Aquaculture,_T,Total,_T,Total,2012,,4527838,,A,Normal value,,,0,Units,0,Zero,,
DATAFLOW,OECD.TAD.ARP:DSD_FISH_EMP@DF_FISH_EMPL(1.0),"Employment in fisheries, aquaculture and processing",I,IDN,Indonesia,A,Annual,EMP,Employment,PS,Persons,AQUA,Aquaculture,_T,Total,_T,Total,2011,,3343934,,A,Normal value,,,0,Units,0,Zero,,
DATAFLOW,OECD.TAD.ARP:DSD_FISH_EMP@DF_FISH_EMPL(1.0),"Employment in fisheries, aquaculture and processing",I,IDN,Indonesia,A,Annual,EMP,Employment,PS,Persons,AQUA,Aquaculture,_T,Total,_T,Total,2010,,3162247,,A,Normal value,,,0,Units,0,Zero,,
DATAFLOW,OECD.TAD.ARP:DSD_FISH_EMP@DF_FISH_EMPL(1.0),"Employment in fisheries, aquaculture and processing",I,IDN,Indonesia,A,Annual,EMP,Employment,PS,Persons,AQUA,Aquaculture,_T,Total,_T,Total,2009,,2493193,,A,Normal value,,,0,Units,0,Zero,,
DATAFLOW,OECD.TAD.ARP:DSD_FISH_EMP@DF_FISH_EMPL(1.0),"Employment in fisheries, aquaculture and processing",I,IDN,Indonesia,A,Annual,EMP,Employment,PS,Persons,MARINE_NEI,"Marine fishing, nei",_T,Total,_T,Total,2007,,2231967,,A,Normal value,,,0,Units,0,Zero,,
DATAFLOW,OECD.TAD.ARP:DSD_FISH_EMP@DF_FISH_EMPL(1.0),"Employment in fisheries, aquaculture and processing",I,IDN,Indonesia,A,Annual,EMP,Employment,PS,Persons,MARINE_NEI,"Marine fishing, nei",_T,Total,_T,Total,2006,,2203412,,A,Normal value,,,0,Units,0,Zero,,
DATAFLOW,OECD.TAD.ARP:DSD_FISH_EMP@DF_FISH_EMPL(1.0),"Employment in fisheries, aquaculture and processing",I,IDN,Indonesia,A,Annual,EMP,Employment,PS,Persons,MARINE_NEI,"Marine fishing, nei",_T,Total,_T,Total,2021,,2359264,,A,Normal value,,,0,Units,0,Zero,,
DATAFLOW,OECD.TAD.ARP:DSD_FISH_EMP@DF_FISH_EMPL(1.0),"Employment in fisheries, aquaculture and processing",I,IDN,Indonesia,A,Annual,EMP,Employment,PS,Persons,MARINE_NEI,"Marine fishing, nei",_T,Total,_T,Total,2005,,2057986,,A,Normal value,,,0,Units,0,Zero,,
DATAFLOW,OECD.TAD.ARP:DSD_FISH_EMP@DF_FISH_EMPL(1.0),"Employment in fisheries, aquaculture and processing",I,IDN,Indonesia,A,Annual,EMP,Employment,PS,Persons,MARINE_NEI,"Marine fishing, nei",_T,Total,_T,Total,2004,,2346782,,A,Normal value,,,0,Units,0,Zero,,
DATAFLOW,OECD.TAD.ARP:DSD_FISH_EMP@DF_FISH_EMPL(1.0),"Employment in fisheries, aquaculture and processing",I,IDN,Indonesia,A,Annual,EMP,Employment,PS,Persons,MARINE_NEI,"Marine fishing, nei",_T,Total,_T,Total,2003,,3311821,,A,Normal value,,,0,Units,0,Zero,,
DATAFLOW,OECD.TAD.ARP:DSD_FISH_EMP@DF_FISH_EMPL(1.0),"Employment in fisheries, aquaculture and processing",I,IDN,Indonesia,A,Annual,EMP,Employment,PS,Persons,MARINE_NEI,"Marine fishing, nei",_T,Total,_T,Total,2002,,2572042,,A,Normal value,,,0,Units,0,Zero,,
DATAFLOW,OECD.TAD.ARP:DSD_FISH_EMP@DF_FISH_EMPL(1.0),"Employment in fisheries, aquaculture and processing",I,MYS,Malaysia,A,Annual,EMP,Employment,PS,Persons,FISH,Fishing sector,_T,Total,_T,Total,2003,,94431,,A,Normal value,,,0,Units,0,Zero,,
DATAFLOW,OECD.TAD.ARP:DSD_FISH_EMP@DF_FISH_EMPL(1.0),"Employment in fisheries, aquaculture and processing",I,MYS,Malaysia,A,Annual,EMP,Employment,PS,Persons,FISH,Fishing sector,_T,Total,_T,Total,2002,,87628,,A,Normal value,,,0,Units,0,Zero,,
DATAFLOW,OECD.TAD.ARP:DSD_FISH_EMP@DF_FISH_EMPL(1.0),"Employment in fisheries, aquaculture and processing",I,MYS,Malaysia,A,Annual,EMP,Employment,PS,Persons,FISH,Fishing sector,_T,Total,_T,Total,2001,,89494,,A,Normal value,,,0,Units,0,Zero,,
DATAFLOW,OECD.TAD.ARP:DSD_FISH_EMP@DF_FISH_EMPL(1.0),"Employment in fisheries, aquaculture and processing",I,MYS,Malaysia,A,Annual,EMP,Employment,PS,Persons,FISH,Fishing sector,_T,Total,_T,Total,2000,,86982,,A,Normal value,,,0,Units,0,Zero,,
DATAFLOW,OECD.TAD.ARP:DSD_FISH_EMP@DF_FISH_EMPL(1.0),"Employment in fisheries, aquaculture and processing",I,IDN,Indonesia,A,Annual,EMP,Employment,PS,Persons,MARINE_NEI,"Marine fishing, nei",_T,Total,_T,Total,2014,,2186900,,A,Normal value,,,0,Units,0,Zero,,
DATAFLOW,OECD.TAD.ARP:DSD_FISH_EMP@DF_FISH_EMPL(1.0),"Employment in fisheries, aquaculture and processing",I,IDN,Indonesia,A,Annual,EMP,Employment,PS,Persons,MARINE_NEI,"Marine fishing, nei",_T,Total,_T,Total,2013,,2164969,,A,Normal value,,,0,Units,0,Zero,,
DATAFLOW,OECD.TAD.ARP:DSD_FISH_EMP@DF_FISH_EMPL(1.0),"Employment in fisheries, aquaculture and processing",I,IDN,Indonesia,A,Annual,EMP,Employment,PS,Persons,MARINE_NEI,"Marine fishing, nei",_T,Total,_T,Total,2012,,2278388,,A,Normal value,,,0,Units,0,Zero,,
DATAFLOW,OECD.TAD.ARP:DSD_FISH_EMP@DF_FISH_EMPL(1.0),"Employment in fisheries, aquaculture and processing",I,IDN,Indonesia,A,Annual,EMP,Employment,PS,Persons,MARINE_NEI,"Marine fishing, nei",_T,Total,_T,Total,2011,,2265213,,A,Normal value,,,0,Units,0,Zero,,
DATAFLOW,OECD.TAD.ARP:DSD_FISH_EMP@DF_FISH_EMPL(1.0),"Employment in fisheries, aquaculture and processing",I,IDN,Indonesia,A,Annual,EMP,Employment,PS,Persons,MARINE_NEI,"Marine fishing, nei",_T,Total,_T,Total,2010,,2162442,,A,Normal value,,,0,Units,0,Zero,,
DATAFLOW,OECD.TAD.ARP:DSD_FISH_EMP@DF_FISH_EMPL(1.0),"Employment in fisheries, aquaculture and processing",I,IDN,Indonesia,A,Annual,EMP,Employment,PS,Persons,MARINE_NEI,"Marine fishing, nei",_T,Total,_T,Total,2009,,2169279,,A,Normal value,,,0,Units,0,Zero,,
DATAFLOW,OECD.TAD.ARP:DSD_FISH_EMP@DF_FISH_EMPL(1.0),"Employment in fisheries, aquaculture and processing",I,MYS,Malaysia,A,Annual,EMP,Employment,PS,Persons,AQUA,Aquaculture,_T,Total,_T,Total,2007,,21287,,A,Normal value,,,0,Units,0,Zero,,
DATAFLOW,OECD.TAD.ARP:DSD_FISH_EMP@DF_FISH_EMPL(1.0),"Employment in fisheries, aquaculture and processing",I,MYS,Malaysia,A,Annual,EMP,Employment,PS,Persons,AQUA,Aquaculture,_T,Total,_T,Total,2006,,20100,,A,Normal value,,,0,Units,0,Zero,,
DATAFLOW,OECD.TAD.ARP:DSD_FISH_EMP@DF_FISH_EMPL(1.0),"Employment in fisheries, aquaculture and processing",I,MYS,Malaysia,A,Annual,EMP,Employment,PS,Persons,AQUA,Aquaculture,_T,Total,_T,Total,2021,,21241,,A,Normal value,,,0,Units,0,Zero,,
DATAFLOW,OECD.TAD.ARP:DSD_FISH_EMP@DF_FISH_EMPL(1.0),"Employment in fisheries, aquaculture and processing",I,MYS,Malaysia,A,Annual,EMP,Employment,PS,Persons,AQUA,Aquaculture,_T,Total,_T,Total,2005,,20642,,A,Normal value,,,0,Units,0,Zero,,
DATAFLOW,OECD.TAD.ARP:DSD_FISH_EMP@DF_FISH_EMPL(1.0),"Employment in fisheries, aquaculture and processing",I,MYS,Malaysia,A,Annual,EMP,Employment,PS,Persons,AQUA,Aquaculture,_T,Total,_T,Total,2004,,21507,,A,Normal value,,,0,Units,0,Zero,,
DATAFLOW,OECD.TAD.ARP:DSD_FISH_EMP@DF_FISH_EMPL(1.0),"Employment in fisheries, aquaculture and processing",I,MYS,Malaysia,A,Annual,EMP,Employment,PS,Persons,AQUA,Aquaculture,_T,Total,_T,Total,2003,,21114,,A,Normal value,,,0,Units,0,Zero,,
DATAFLOW,OECD.TAD.ARP:DSD_FISH_EMP@DF_FISH_EMPL(1.0),"Employment in fisheries, aquaculture and processing",I,MYS,Malaysia,A,Annual,EMP,Employment,PS,Persons,AQUA,Aquaculture,_T,Total,_T,Total,2002,,21164,,A,Normal value,,,0,Units,0,Zero,,
DATAFLOW,OECD.TAD.ARP:DSD_FISH_EMP@DF_FISH_EMPL(1.0),"Employment in fisheries, aquaculture and processing",I,MYS,Malaysia,A,Annual,EMP,Employment,PS,Persons,AQUA,Aquaculture,_T,Total,_T,Total,2001,,22108,,A,Normal value,,,0,Units,0,Zero,,
DATAFLOW,OECD.TAD.ARP:DSD_FISH_EMP@DF_FISH_EMPL(1.0),"Employment in fisheries, aquaculture and processing",I,MYS,Malaysia,A,Annual,EMP,Employment,PS,Persons,AQUA,Aquaculture,_T,Total,_T,Total,2000,,21774,,A,Normal value,,,0,Units,0,Zero,,
DATAFLOW,OECD.TAD.ARP:DSD_FISH_EMP@DF_FISH_EMPL(1.0),"Employment in fisheries, aquaculture and processing",I,MYS,Malaysia,A,Annual,EMP,Employment,PS,Persons,AQUA,Aquaculture,_T,Total,_T,Total,2020,,20262,,A,Normal value,,,0,Units,0,Zero,,
DATAFLOW,OECD.TAD.ARP:DSD_FISH_EMP@DF_FISH_EMPL(1.0),"Employment in fisheries, aquaculture and processing",I,MYS,Malaysia,A,Annual,EMP,Employment,PS,Persons,AQUA,Aquaculture,_T,Total,_T,Total,2019,,19469,,A,Normal value,,,0,Units,0,Zero,,
DATAFLOW,OECD.TAD.ARP:DSD_FISH_EMP@DF_FISH_EMPL(1.0),"Employment in fisheries, aquaculture and processing",I,MYS,Malaysia,A,Annual,EMP,Employment,PS,Persons,AQUA,Aquaculture,_T,Total,_T,Total,2018,,18297,,A,Normal value,,,0,Units,0,Zero,,
DATAFLOW,OECD.TAD.ARP:DSD_FISH_EMP@DF_FISH_EMPL(1.0),"Employment in fisheries, aquaculture and processing",I,MYS,Malaysia,A,Annual,EMP,Employment,PS,Persons,AQUA,Aquaculture,_T,Total,_T,Total,2017,,17765,,A,Normal value,,,0,Units,0,Zero,,
DATAFLOW,OECD.TAD.ARP:DSD_FISH_EMP@DF_FISH_EMPL(1.0),"Employment in fisheries, aquaculture and processing",I,MYS,Malaysia,A,Annual,EMP,Employment,PS,Persons,AQUA,Aquaculture,_T,Total,_T,Total,2016,,21288,,A,Normal value,,,0,Units,0,Zero,,
DATAFLOW,OECD.TAD.ARP:DSD_FISH_EMP@DF_FISH_EMPL(1.0),"Employment in fisheries, aquaculture and processing",I,MYS,Malaysia,A,Annual,EMP,Employment,PS,Persons,AQUA,Aquaculture,_T,Total,_T,Total,2015,,24452,,A,Normal value,,,0,Units,0,Zero,,
DATAFLOW,OECD.TAD.ARP:DSD_FISH_EMP@DF_FISH_EMPL(1.0),"Employment in fisheries, aquaculture and processing",I,MYS,Malaysia,A,Annual,EMP,Employment,PS,Persons,AQUA,Aquaculture,_T,Total,_T,Total,2014,,26516,,A,Normal value,,,0,Units,0,Zero,,
DATAFLOW,OECD.TAD.ARP:DSD_FISH_EMP@DF_FISH_EMPL(1.0),"Employment in fisheries, aquaculture and processing",I,MYS,Malaysia,A,Annual,EMP,Employment,PS,Persons,AQUA,Aquaculture,_T,Total,_T,Total,2013,,26802,,A,Normal value,,,0,Units,0,Zero,,
DATAFLOW,OECD.TAD.ARP:DSD_FISH_EMP@DF_FISH_EMPL(1.0),"Employment in fisheries, aquaculture and processing",I,MYS,Malaysia,A,Annual,EMP,Employment,PS,Persons,AQUA,Aquaculture,_T,Total,_T,Total,2012,,29494,,A,Normal value,,,0,Units,0,Zero,,
DATAFLOW,OECD.TAD.ARP:DSD_FISH_EMP@DF_FISH_EMPL(1.0),"Employment in fisheries, aquaculture and processing",I,MYS,Malaysia,A,Annual,EMP,Employment,PS,Persons,AQUA,Aquaculture,_T,Total,_T,Total,2011,,28599,,A,Normal value,,,0,Units,0,Zero,,
DATAFLOW,OECD.TAD.ARP:DSD_FISH_EMP@DF_FISH_EMPL(1.0),"Employment in fisheries, aquaculture and processing",I,MYS,Malaysia,A,Annual,EMP,Employment,PS,Persons,AQUA,Aquaculture,_T,Total,_T,Total,2010,,26291,,A,Normal value,,,0,Units,0,Zero,,
DATAFLOW,OECD.TAD.ARP:DSD_FISH_EMP@DF_FISH_EMPL(1.0),"Employment in fisheries, aquaculture and processing",I,MYS,Malaysia,A,Annual,EMP,Employment,PS,Persons,AQUA,Aquaculture,_T,Total,_T,Total,2009,,23986,,A,Normal value,,,0,Units,0,Zero,,
DATAFLOW,OECD.TAD.ARP:DSD_FISH_EMP@DF_FISH_EMPL(1.0),"Employment in fisheries, aquaculture and processing",I,IDN,Indonesia,A,Annual,EMP,Employment,PS,Persons,PROC,Processing,_T,Total,_T,Total,2007,,61064,,A,Normal value,,,0,Units,0,Zero,,
DATAFLOW,OECD.TAD.ARP:DSD_FISH_EMP@DF_FISH_EMPL(1.0),"Employment in fisheries, aquaculture and processing",I,IDN,Indonesia,A,Annual,EMP,Employment,PS,Persons,PROC,Processing,_T,Total,_T,Total,2006,,61064,,A,Normal value,,,0,Units,0,Zero,,
DATAFLOW,OECD.TAD.ARP:DSD_FISH_EMP@DF_FISH_EMPL(1.0),"Employment in fisheries, aquaculture and processing",I,IDN,Indonesia,A,Annual,EMP,Employment,PS,Persons,PROC,Processing,_T,Total,_T,Total,2021,,78126,,A,Normal value,,,0,Units,0,Zero,,
DATAFLOW,OECD.TAD.ARP:DSD_FISH_EMP@DF_FISH_EMPL(1.0),"Employment in fisheries, aquaculture and processing",I,IDN,Indonesia,A,Annual,EMP,Employment,PS,Persons,PROC,Processing,_T,Total,_T,Total,2005,,61064,,A,Normal value,,,0,Units,0,Zero,,
DATAFLOW,OECD.TAD.ARP:DSD_FISH_EMP@DF_FISH_EMPL(1.0),"Employment in fisheries, aquaculture and processing",I,IDN,Indonesia,A,Annual,EMP,Employment,PS,Persons,PROC,Processing,_T,Total,_T,Total,2004,,61064,,A,Normal value,,,0,Units,0,Zero,,
DATAFLOW,OECD.TAD.ARP:DSD_FISH_EMP@DF_FISH_EMPL(1.0),"Employment in fisheries, aquaculture and processing",I,IDN,Indonesia,A,Annual,EMP,Employment,PS,Persons,PROC,Processing,_T,Total,_T,Total,2003,,61064,,A,Normal value,,,0,Units,0,Zero,,
DATAFLOW,OECD.TAD.ARP:DSD_FISH_EMP@DF_FISH_EMPL(1.0),"Employment in fisheries, aquaculture and processing",I,IDN,Indonesia,A,Annual,EMP,Employment,PS,Persons,PROC,Processing,_T,Total,_T,Total,2002,,61064,,A,Normal value,,,0,Units,0,Zero,,
DATAFLOW,OECD.TAD.ARP:DSD_FISH_EMP@DF_FISH_EMPL(1.0),"Employment in fisheries, aquaculture and processing",I,IDN,Indonesia,A,Annual,EMP,Employment,PS,Persons,PROC,Processing,_T,Total,_T,Total,2001,,61064,,A,Normal value,,,0,Units,0,Zero,,
DATAFLOW,OECD.TAD.ARP:DSD_FISH_EMP@DF_FISH_EMPL(1.0),"Employment in fisheries, aquaculture and processing",I,IDN,Indonesia,A,Annual,EMP,Employment,PS,Persons,PROC,Processing,_T,Total,_T,Total,2000,,61064,,A,Normal value,,,0,Units,0,Zero,,
DATAFLOW,OECD.TAD.ARP:DSD_FISH_EMP@DF_FISH_EMPL(1.0),"Employment in fisheries, aquaculture and processing",I,IDN,Indonesia,A,Annual,EMP,Employment,PS,Persons,PROC,Processing,_T,Total,_T,Total,2020,,78126,,A,Normal value,,,0,Units,0,Zero,,
DATAFLOW,OECD.TAD.ARP:DSD_FISH_EMP@DF_FISH_EMPL(1.0),"Employment in fisheries, aquaculture and processing",I,IDN,Indonesia,A,Annual,EMP,Employment,PS,Persons,PROC,Processing,_T,Total,_T,Total,2019,,62866,,A,Normal value,,,0,Units,0,Zero,,
DATAFLOW,OECD.TAD.ARP:DSD_FISH_EMP@DF_FISH_EMPL(1.0),"Employment in fisheries, aquaculture and processing",I,IDN,Indonesia,A,Annual,EMP,Employment,PS,Persons,PROC,Processing,_T,Total,_T,Total,2018,,61064,,A,Normal value,,,0,Units,0,Zero,,
DATAFLOW,OECD.TAD.ARP:DSD_FISH_EMP@DF_FISH_EMPL(1.0),"Employment in fisheries, aquaculture and processing",I,IDN,Indonesia,A,Annual,EMP,Employment,PS,Persons,PROC,Processing,_T,Total,_T,Total,2017,,61064,,A,Normal value,,,0,Units,0,Zero,,
DATAFLOW,OECD.TAD.ARP:DSD_FISH_EMP@DF_FISH_EMPL(1.0),"Employment in fisheries, aquaculture and processing",I,IDN,Indonesia,A,Annual,EMP,Employment,PS,Persons,PROC,Processing,_T,Total,_T,Total,2016,,61064,,A,Normal value,,,0,Units,0,Zero,,
DATAFLOW,OECD.TAD.ARP:DSD_FISH_EMP@DF_FISH_EMPL(1.0),"Employment in fisheries, aquaculture and processing",I,IDN,Indonesia,A,Annual,EMP,Employment,PS,Persons,PROC,Processing,_T,Total,_T,Total,2015,,61064,,A,Normal value,,,0,Units,0,Zero,,
DATAFLOW,OECD.TAD.ARP:DSD_FISH_EMP@DF_FISH_EMPL(1.0),"Employment in fisheries, aquaculture and processing",I,IDN,Indonesia,A,Annual,EMP,Employment,PS,Persons,PROC,Processing,_T,Total,_T,Total,2014,,61064,,A,Normal value,,,0,Units,0,Zero,,
DATAFLOW,OECD.TAD.ARP:DSD_FISH_EMP@DF_FISH_EMPL(1.0),"Employment in fisheries, aquaculture and processing",I,IDN,Indonesia,A,Annual,EMP,Employment,PS,Persons,PROC,Processing,_T,Total,_T,Total,2013,,61064,,A,Normal value,,,0,Units,0,Zero,,
DATAFLOW,OECD.TAD.ARP:DSD_FISH_EMP@DF_FISH_EMPL(1.0),"Employment in fisheries, aquaculture and processing",I,IDN,Indonesia,A,Annual,EMP,Employment,PS,Persons,PROC,Processing,_T,Total,_T,Total,2012,,61064,,A,Normal value,,,0,Units,0,Zero,,
DATAFLOW,OECD.TAD.ARP:DSD_FISH_EMP@DF_FISH_EMPL(1.0),"Employment in fisheries, aquaculture and processing",I,IDN,Indonesia,A,Annual,EMP,Employment,PS,Persons,PROC,Processing,_T,Total,_T,Total,2011,,61064,,A,Normal value,,,0,Units,0,Zero,,
DATAFLOW,OECD.TAD.ARP:DSD_FISH_EMP@DF_FISH_EMPL(1.0),"Employment in fisheries, aquaculture and processing",I,IDN,Indonesia,A,Annual,EMP,Employment,PS,Persons,PROC,Processing,_T,Total,_T,Total,2010,,61064,,A,Normal value,,,0,Units,0,Zero,,
DATAFLOW,OECD.TAD.ARP:DSD_FISH_EMP@DF_FISH_EMPL(1.0),"Employment in fisheries, aquaculture and processing",I,IDN,Indonesia,A,Annual,EMP,Employment,PS,Persons,PROC,Processing,_T,Total,_T,Total,2009,,61064,,A,Normal value,,,0,Units,0,Zero,,
DATAFLOW,OECD.TAD.ARP:DSD_FISH_EMP@DF_FISH_EMPL(1.0),"Employment in fisheries, aquaculture and processing",I,MYS,Malaysia,A,Annual,EMP,Employment,PS,Persons,MARINE_NEI,"Marine fishing, nei",_T,Total,_T,Total,2007,,99617,,A,Normal value,,,0,Units,0,Zero,,
DATAFLOW,OECD.TAD.ARP:DSD_FISH_EMP@DF_FISH_EMPL(1.0),"Employment in fisheries, aquaculture and processing",I,MYS,Malaysia,A,Annual,EMP,Employment,PS,Persons,MARINE_NEI,"Marine fishing, nei",_T,Total,_T,Total,2006,,97947,,A,Normal value,,,0,Units,0,Zero,,
DATAFLOW,OECD.TAD.ARP:DSD_FISH_EMP@DF_FISH_EMPL(1.0),"Employment in fisheries, aquaculture and processing",I,MYS,Malaysia,A,Annual,EMP,Employment,PS,Persons,MARINE_NEI,"Marine fishing, nei",_T,Total,_T,Total,2021,,114979,,A,Normal value,,,0,Units,0,Zero,,
DATAFLOW,OECD.TAD.ARP:DSD_FISH_EMP@DF_FISH_EMPL(1.0),"Employment in fisheries, aquaculture and processing",I,MYS,Malaysia,A,Annual,EMP,Employment,PS,Persons,MARINE_NEI,"Marine fishing, nei",_T,Total,_T,Total,2005,,90702,,A,Normal value,,,0,Units,0,Zero,,
DATAFLOW,OECD.TAD.ARP:DSD_FISH_EMP@DF_FISH_EMPL(1.0),"Employment in fisheries, aquaculture and processing",I,MYS,Malaysia,A,Annual,EMP,Employment,PS,Persons,MARINE_NEI,"Marine fishing, nei",_T,Total,_T,Total,2004,,89453,,A,Normal value,,,0,Units,0,Zero,,
DATAFLOW,OECD.TAD.ARP:DSD_FISH_EMP@DF_FISH_EMPL(1.0),"Employment in fisheries, aquaculture and processing",I,MYS,Malaysia,A,Annual,EMP,Employment,PS,Persons,FISH,Fishing sector,_T,Total,_T,Total,2011,,139108,,A,Normal value,,,0,Units,0,Zero,,
DATAFLOW,OECD.TAD.ARP:DSD_FISH_EMP@DF_FISH_EMPL(1.0),"Employment in fisheries, aquaculture and processing",I,IDN,Indonesia,A,Annual,EMP,Employment,PS,Persons,AQUA,Aquaculture,_T,Total,_T,Total,2007,,2344183,,A,Normal value,,,0,Units,0,Zero,,
DATAFLOW,OECD.TAD.ARP:DSD_FISH_EMP@DF_FISH_EMPL(1.0),"Employment in fisheries, aquaculture and processing",I,IDN,Indonesia,A,Annual,EMP,Employment,PS,Persons,AQUA,Aquaculture,_T,Total,_T,Total,2006,,2275307,,A,Normal value,,,0,Units,0,Zero,,
DATAFLOW,OECD.TAD.ARP:DSD_FISH_EMP@DF_FISH_EMPL(1.0),"Employment in fisheries, aquaculture and processing",I,IDN,Indonesia,A,Annual,EMP,Employment,PS,Persons,AQUA,Aquaculture,_T,Total,_T,Total,2021,,2252701,,A,Normal value,,,0,Units,0,Zero,,
DATAFLOW,OECD.TAD.ARP:DSD_FISH_EMP@DF_FISH_EMPL(1.0),"Employment in fisheries, aquaculture and processing",I,IDN,Indonesia,A,Annual,EMP,Employment,PS,Persons,AQUA,Aquaculture,_T,Total,_T,Total,2005,,2530050,,A,Normal value,,,0,Units,0,Zero,,
DATAFLOW,OECD.TAD.ARP:DSD_FISH_EMP@DF_FISH_EMPL(1.0),"Employment in fisheries, aquaculture and processing",I,MYS,Malaysia,A,Annual,EMP,Employment,PS,Persons,MARINE_NEI,"Marine fishing, nei",_T,Total,_T,Total,2001,,84496,,A,Normal value,,,0,Units,0,Zero,,
DATAFLOW,OECD.TAD.ARP:DSD_FISH_EMP@DF_FISH_EMPL(1.0),"Employment in fisheries, aquaculture and processing",I,MYS,Malaysia,A,Annual,EMP,Employment,PS,Persons,MARINE_NEI,"Marine fishing, nei",_T,Total,_T,Total,2000,,81984,,A,Normal value,,,0,Units,0,Zero,,
DATAFLOW,OECD.TAD.ARP:DSD_FISH_EMP@DF_FISH_EMPL(1.0),"Employment in fisheries, aquaculture and processing",I,MYS,Malaysia,A,Annual,EMP,Employment,PS,Persons,MARINE_NEI,"Marine fishing, nei",_T,Total,_T,Total,2020,,119828,,A,Normal value,,,0,Units,0,Zero,,
DATAFLOW,OECD.TAD.ARP:DSD_FISH_EMP@DF_FISH_EMPL(1.0),"Employment in fisheries, aquaculture and processing",I,MYS,Malaysia,A,Annual,EMP,Employment,PS,Persons,MARINE_NEI,"Marine fishing, nei",_T,Total,_T,Total,2019,,126595,,A,Normal value,,,0,Units,0,Zero,,
DATAFLOW,OECD.TAD.ARP:DSD_FISH_EMP@DF_FISH_EMPL(1.0),"Employment in fisheries, aquaculture and processing",I,MYS,Malaysia,A,Annual,EMP,Employment,PS,Persons,MARINE_NEI,"Marine fishing, nei",_T,Total,_T,Total,2018,,128148,,A,Normal value,,,0,Units,0,Zero,,
DATAFLOW,OECD.TAD.ARP:DSD_FISH_EMP@DF_FISH_EMPL(1.0),"Employment in fisheries, aquaculture and processing",I,MYS,Malaysia,A,Annual,EMP,Employment,PS,Persons,MARINE_NEI,"Marine fishing, nei",_T,Total,_T,Total,2017,,130645,,A,Normal value,,,0,Units,0,Zero,,
DATAFLOW,OECD.TAD.ARP:DSD_FISH_EMP@DF_FISH_EMPL(1.0),"Employment in fisheries, aquaculture and processing",I,MYS,Malaysia,A,Annual,EMP,Employment,PS,Persons,MARINE_NEI,"Marine fishing, nei",_T,Total,_T,Total,2016,,132305,,A,Normal value,,,0,Units,0,Zero,,
DATAFLOW,OECD.TAD.ARP:DSD_FISH_EMP@DF_FISH_EMPL(1.0),"Employment in fisheries, aquaculture and processing",I,MYS,Malaysia,A,Annual,EMP,Employment,PS,Persons,MARINE_NEI,"Marine fishing, nei",_T,Total,_T,Total,2015,,140949,,A,Normal value,,,0,Units,0,Zero,,
DATAFLOW,OECD.TAD.ARP:DSD_FISH_EMP@DF_FISH_EMPL(1.0),"Employment in fisheries, aquaculture and processing",I,MYS,Malaysia,A,Annual,EMP,Employment,PS,Persons,MARINE_NEI,"Marine fishing, nei",_T,Total,_T,Total,2014,,143421,,A,Normal value,,,0,Units,0,Zero,,
DATAFLOW,OECD.TAD.ARP:DSD_FISH_EMP@DF_FISH_EMPL(1.0),"Employment in fisheries, aquaculture and processing",I,MYS,Malaysia,A,Annual,EMP,Employment,PS,Persons,MARINE_NEI,"Marine fishing, nei",_T,Total,_T,Total,2013,,144019,,A,Normal value,,,0,Units,0,Zero,,
DATAFLOW,OECD.TAD.ARP:DSD_FISH_EMP@DF_FISH_EMPL(1.0),"Employment in fisheries, aquaculture and processing",I,MYS,Malaysia,A,Annual,EMP,Employment,PS,Persons,MARINE_NEI,"Marine fishing, nei",_T,Total,_T,Total,2012,,136514,,A,Normal value,,,0,Units,0,Zero,,
DATAFLOW,OECD.TAD.ARP:DSD_FISH_EMP@DF_FISH_EMPL(1.0),"Employment in fisheries, aquaculture and processing",I,MYS,Malaysia,A,Annual,EMP,Employment,PS,Persons,MARINE_NEI,"Marine fishing, nei",_T,Total,_T,Total,2011,,134110,,A,Normal value,,,0,Units,0,Zero,,
DATAFLOW,OECD.TAD.ARP:DSD_FISH_EMP@DF_FISH_EMPL(1.0),"Employment in fisheries, aquaculture and processing",I,MYS,Malaysia,A,Annual,EMP,Employment,PS,Persons,MARINE_NEI,"Marine fishing, nei",_T,Total,_T,Total,2010,,129622,,A,Normal value,,,0,Units,0,Zero,,
DATAFLOW,OECD.TAD.ARP:DSD_FISH_EMP@DF_FISH_EMPL(1.0),"Employment in fisheries, aquaculture and processing",I,MYS,Malaysia,A,Annual,EMP,Employment,PS,Persons,MARINE_NEI,"Marine fishing, nei",_T,Total,_T,Total,2009,,125632,,A,Normal value,,,0,Units,0,Zero,,
DATAFLOW,OECD.TAD.ARP:DSD_FISH_EMP@DF_FISH_EMPL(1.0),"Employment in fisheries, aquaculture and processing",I,IDN,Indonesia,A,Annual,EMP,Employment,PS,Persons,INLAND,Inland waters fishing,_T,Total,_T,Total,2007,,523827,,A,Normal value,,,0,Units,0,Zero,,
DATAFLOW,OECD.TAD.ARP:DSD_FISH_EMP@DF_FISH_EMPL(1.0),"Employment in fisheries, aquaculture and processing",I,IDN,Indonesia,A,Annual,EMP,Employment,PS,Persons,INLAND,Inland waters fishing,_T,Total,_T,Total,2006,,496762,,A,Normal value,,,0,Units,0,Zero,,
DATAFLOW,OECD.TAD.ARP:DSD_FISH_EMP@DF_FISH_EMPL(1.0),"Employment in fisheries, aquaculture and processing",I,IDN,Indonesia,A,Annual,EMP,Employment,PS,Persons,INLAND,Inland waters fishing,_T,Total,_T,Total,2021,,566554,,A,Normal value,,,0,Units,0,Zero,,
DATAFLOW,OECD.TAD.ARP:DSD_FISH_EMP@DF_FISH_EMPL(1.0),"Employment in fisheries, aquaculture and processing",I,IDN,Indonesia,A,Annual,EMP,Employment,PS,Persons,INLAND,Inland waters fishing,_T,Total,_T,Total,2005,,532378,,A,Normal value,,,0,Units,0,Zero,,
DATAFLOW,OECD.TAD.ARP:DSD_FISH_EMP@DF_FISH_EMPL(1.0),"Employment in fisheries, aquaculture and processing",I,IDN,Indonesia,A,Annual,EMP,Employment,PS,Persons,INLAND,Inland waters fishing,_T,Total,_T,Total,2004,,588507,,A,Normal value,,,0,Units,0,Zero,,
DATAFLOW,OECD.TAD.ARP:DSD_FISH_EMP@DF_FISH_EMPL(1.0),"Employment in fisheries, aquaculture and processing",I,IDN,Indonesia,A,Annual,EMP,Employment,PS,Persons,INLAND,Inland waters fishing,_T,Total,_T,Total,2003,,545776,,A,Normal value,,,0,Units,0,Zero,,
DATAFLOW,OECD.TAD.ARP:DSD_FISH_EMP@DF_FISH_EMPL(1.0),"Employment in fisheries, aquaculture and processing",I,IDN,Indonesia,A,Annual,EMP,Employment,PS,Persons,INLAND,Inland waters fishing,_T,Total,_T,Total,2002,,474431,,A,Normal value,,,0,Units,0,Zero,,
DATAFLOW,OECD.TAD.ARP:DSD_FISH_EMP@DF_FISH_EMPL(1.0),"Employment in fisheries, aquaculture and processing",I,IDN,Indonesia,A,Annual,EMP,Employment,PS,Persons,INLAND,Inland waters fishing,_T,Total,_T,Total,2001,,723555,,A,Normal value,,,0,Units,0,Zero,,
DATAFLOW,OECD.TAD.ARP:DSD_FISH_EMP@DF_FISH_EMPL(1.0),"Employment in fisheries, aquaculture and processing",I,IDN,Indonesia,A,Annual,EMP,Employment,PS,Persons,INLAND,Inland waters fishing,_T,Total,_T,Total,2000,,618405,,A,Normal value,,,0,Units,0,Zero,,
DATAFLOW,OECD.TAD.ARP:DSD_FISH_EMP@DF_FISH_EMPL(1.0),"Employment in fisheries, aquaculture and processing",I,IDN,Indonesia,A,Annual,EMP,Employment,PS,Persons,INLAND,Inland waters fishing,_T,Total,_T,Total,2020,,490409,,A,Normal value,,,0,Units,0,Zero,,
DATAFLOW,OECD.TAD.ARP:DSD_FISH_EMP@DF_FISH_EMPL(1.0),"Employment in fisheries, aquaculture and processing",I,IDN,Indonesia,A,Annual,EMP,Employment,PS,Persons,INLAND,Inland waters fishing,_T,Total,_T,Total,2019,,647259,,A,Normal value,,,0,Units,0,Zero,,
DATAFLOW,OECD.TAD.ARP:DSD_FISH_EMP@DF_FISH_EMPL(1.0),"Employment in fisheries, aquaculture and processing",I,IDN,Indonesia,A,Annual,EMP,Employment,PS,Persons,INLAND,Inland waters fishing,_T,Total,_T,Total,2018,,345245,,A,Normal value,,,0,Units,0,Zero,,
DATAFLOW,OECD.TAD.ARP:DSD_FISH_EMP@DF_FISH_EMPL(1.0),"Employment in fisheries, aquaculture and processing",I,IDN,Indonesia,A,Annual,EMP,Employment,PS,Persons,INLAND,Inland waters fishing,_T,Total,_T,Total,2017,,378043,,A,Normal value,,,0,Units,0,Zero,,
DATAFLOW,OECD.TAD.ARP:DSD_FISH_EMP@DF_FISH_EMPL(1.0),"Employment in fisheries, aquaculture and processing",I,IDN,Indonesia,A,Annual,EMP,Employment,PS,Persons,INLAND,Inland waters fishing,_T,Total,_T,Total,2016,,339764,,A,Normal value,,,0,Units,0,Zero,,
DATAFLOW,OECD.TAD.ARP:DSD_FISH_EMP@DF_FISH_EMPL(1.0),"Employment in fisheries, aquaculture and processing",I,IDN,Indonesia,A,Annual,EMP,Employment,PS,Persons,INLAND,Inland waters fishing,_T,Total,_T,Total,2015,,427525,,A,Normal value,,,0,Units,0,Zero,,
DATAFLOW,OECD.TAD.ARP:DSD_FISH_EMP@DF_FISH_EMPL(1.0),"Employment in fisheries, aquaculture and processing",I,IDN,Indonesia,A,Annual,EMP,Employment,PS,Persons,INLAND,Inland waters fishing,_T,Total,_T,Total,2014,,480540,,A,Normal value,,,0,Units,0,Zero,,
DATAFLOW,OECD.TAD.ARP:DSD_FISH_EMP@DF_FISH_EMPL(1.0),"Employment in fisheries, aquaculture and processing",I,IDN,Indonesia,A,Annual,EMP,Employment,PS,Persons,INLAND,Inland waters fishing,_T,Total,_T,Total,2013,,475126,,A,Normal value,,,0,Units,0,Zero,,
DATAFLOW,OECD.TAD.ARP:DSD_FISH_EMP@DF_FISH_EMPL(1.0),"Employment in fisheries, aquaculture and processing",I,IDN,Indonesia,A,Annual,EMP,Employment,PS,Persons,INLAND,Inland waters fishing,_T,Total,_T,Total,2012,,470520,,A,Normal value,,,0,Units,0,Zero,,
DATAFLOW,OECD.TAD.ARP:DSD_FISH_EMP@DF_FISH_EMPL(1.0),"Employment in fisheries, aquaculture and processing",I,IDN,Indonesia,A,Annual,EMP,Employment,PS,Persons,INLAND,Inland waters fishing,_T,Total,_T,Total,2011,,489965,,A,Normal value,,,0,Units,0,Zero,,
DATAFLOW,OECD.TAD.ARP:DSD_FISH_EMP@DF_FISH_EMPL(1.0),"Employment in fisheries, aquaculture and processing",I,IDN,Indonesia,A,Annual,EMP,Employment,PS,Persons,INLAND,Inland waters fishing,_T,Total,_T,Total,2010,,457835,,A,Normal value,,,0,Units,0,Zero,,
DATAFLOW,OECD.TAD.ARP:DSD_FISH_EMP@DF_FISH_EMPL(1.0),"Employment in fisheries, aquaculture and processing",I,IDN,Indonesia,A,Annual,EMP,Employment,PS,Persons,INLAND,Inland waters fishing,_T,Total,_T,Total,2009,,472688,,A,Normal value,,,0,Units,0,Zero,,
DATAFLOW,OECD.TAD.ARP:DSD_FISH_EMP@DF_FISH_EMPL(1.0),"Employment in fisheries, aquaculture and processing",I,MYS,Malaysia,A,Annual,EMP,Employment,PS,Persons,INLAND,Inland waters fishing,_T,Total,_T,Total,2007,,4998,,A,Normal value,,,0,Units,0,Zero,,
DATAFLOW,OECD.TAD.ARP:DSD_FISH_EMP@DF_FISH_EMPL(1.0),"Employment in fisheries, aquaculture and processing",I,MYS,Malaysia,A,Annual,EMP,Employment,PS,Persons,INLAND,Inland waters fishing,_T,Total,_T,Total,2006,,4998,,A,Normal value,,,0,Units,0,Zero,,
DATAFLOW,OECD.TAD.ARP:DSD_FISH_EMP@DF_FISH_EMPL(1.0),"Employment in fisheries, aquaculture and processing",I,MYS,Malaysia,A,Annual,EMP,Employment,PS,Persons,INLAND,Inland waters fishing,_T,Total,_T,Total,2021,,14601,,A,Normal value,,,0,Units,0,Zero,,
DATAFLOW,OECD.TAD.ARP:DSD_FISH_EMP@DF_FISH_EMPL(1.0),"Employment in fisheries, aquaculture and processing",I,MYS,Malaysia,A,Annual,EMP,Employment,PS,Persons,INLAND,Inland waters fishing,_T,Total,_T,Total,2005,,4998,,A,Normal value,,,0,Units,0,Zero,,
DATAFLOW,OECD.TAD.ARP:DSD_FISH_EMP@DF_FISH_EMPL(1.0),"Employment in fisheries, aquaculture and processing",I,MYS,Malaysia,A,Annual,EMP,Employment,PS,Persons,INLAND,Inland waters fishing,_T,Total,_T,Total,2004,,4998,,A,Normal value,,,0,Units,0,Zero,,
DATAFLOW,OECD.TAD.ARP:DSD_FISH_EMP@DF_FISH_EMPL(1.0),"Employment in fisheries, aquaculture and processing",I,MYS,Malaysia,A,Annual,EMP,Employment,PS,Persons,INLAND,Inland waters fishing,_T,Total,_T,Total,2003,,4998,,A,Normal value,,,0,Units,0,Zero,,
DATAFLOW,OECD.TAD.ARP:DSD_FISH_EMP@DF_FISH_EMPL(1.0),"Employment in fisheries, aquaculture and processing",I,MYS,Malaysia,A,Annual,EMP,Employment,PS,Persons,INLAND,Inland waters fishing,_T,Total,_T,Total,2002,,4998,,A,Normal value,,,0,Units,0,Zero,,
DATAFLOW,OECD.TAD.ARP:DSD_FISH_EMP@DF_FISH_EMPL(1.0),"Employment in fisheries, aquaculture and processing",I,MYS,Malaysia,A,Annual,EMP,Employment,PS,Persons,INLAND,Inland waters fishing,_T,Total,_T,Total,2001,,4998,,A,Normal value,,,0,Units,0,Zero,,
DATAFLOW,OECD.TAD.ARP:DSD_FISH_EMP@DF_FISH_EMPL(1.0),"Employment in fisheries, aquaculture and processing",I,MYS,Malaysia,A,Annual,EMP,Employment,PS,Persons,INLAND,Inland waters fishing,_T,Total,_T,Total,2000,,4998,,A,Normal value,,,0,Units,0,Zero,,
DATAFLOW,OECD.TAD.ARP:DSD_FISH_EMP@DF_FISH_EMPL(1.0),"Employment in fisheries, aquaculture and processing",I,MYS,Malaysia,A,Annual,EMP,Employment,PS,Persons,INLAND,Inland waters fishing,_T,Total,_T,Total,2020,,3103,,A,Normal value,,,0,Units,0,Zero,,
DATAFLOW,OECD.TAD.ARP:DSD_FISH_EMP@DF_FISH_EMPL(1.0),"Employment in fisheries, aquaculture and processing",I,MYS,Malaysia,A,Annual,EMP,Employment,PS,Persons,INLAND,Inland waters fishing,_T,Total,_T,Total,2019,,3205,,A,Normal value,,,0,Units,0,Zero,,
DATAFLOW,OECD.TAD.ARP:DSD_FISH_EMP@DF_FISH_EMPL(1.0),"Employment in fisheries, aquaculture and processing",I,MYS,Malaysia,A,Annual,EMP,Employment,PS,Persons,INLAND,Inland waters fishing,_T,Total,_T,Total,2018,,4703,,A,Normal value,,,0,Units,0,Zero,,
DATAFLOW,OECD.TAD.ARP:DSD_FISH_EMP@DF_FISH_EMPL(1.0),"Employment in fisheries, aquaculture and processing",I,MYS,Malaysia,A,Annual,EMP,Employment,PS,Persons,INLAND,Inland waters fishing,_T,Total,_T,Total,2017,,5107,,A,Normal value,,,0,Units,0,Zero,,
DATAFLOW,OECD.TAD.ARP:DSD_FISH_EMP@DF_FISH_EMPL(1.0),"Employment in fisheries, aquaculture and processing",I,MYS,Malaysia,A,Annual,EMP,Employment,PS,Persons,INLAND,Inland waters fishing,_T,Total,_T,Total,2016,,5156,,A,Normal value,,,0,Units,0,Zero,,
DATAFLOW,OECD.TAD.ARP:DSD_FISH_EMP@DF_FISH_EMPL(1.0),"Employment in fisheries, aquaculture and processing",I,MYS,Malaysia,A,Annual,EMP,Employment,PS,Persons,INLAND,Inland waters fishing,_T,Total,_T,Total,2015,,4998,,A,Normal value,,,0,Units,0,Zero,,
DATAFLOW,OECD.TAD.ARP:DSD_FISH_EMP@DF_FISH_EMPL(1.0),"Employment in fisheries, aquaculture and processing",I,MYS,Malaysia,A,Annual,EMP,Employment,PS,Persons,INLAND,Inland waters fishing,_T,Total,_T,Total,2014,,4998,,A,Normal value,,,0,Units,0,Zero,,
DATAFLOW,OECD.TAD.ARP:DSD_FISH_EMP@DF_FISH_EMPL(1.0),"Employment in fisheries, aquaculture and processing",I,MYS,Malaysia,A,Annual,EMP,Employment,PS,Persons,INLAND,Inland waters fishing,_T,Total,_T,Total,2013,,4998,,A,Normal value,,,0,Units,0,Zero,,
DATAFLOW,OECD.TAD.ARP:DSD_FISH_EMP@DF_FISH_EMPL(1.0),"Employment in fisheries, aquaculture and processing",I,MYS,Malaysia,A,Annual,EMP,Employment,PS,Persons,INLAND,Inland waters fishing,_T,Total,_T,Total,2012,,4998,,A,Normal value,,,0,Units,0,Zero,,
DATAFLOW,OECD.TAD.ARP:DSD_FISH_EMP@DF_FISH_EMPL(1.0),"Employment in fisheries, aquaculture and processing",I,MYS,Malaysia,A,Annual,EMP,Employment,PS,Persons,INLAND,Inland waters fishing,_T,Total,_T,Total,2011,,4998,,A,Normal value,,,0,Units,0,Zero,,
DATAFLOW,OECD.TAD.ARP:DSD_FISH_EMP@DF_FISH_EMPL(1.0),"Employment in fisheries, aquaculture and processing",I,MYS,Malaysia,A,Annual,EMP,Employment,PS,Persons,INLAND,Inland waters fishing,_T,Total,_T,Total,2010,,4998,,A,Normal value,,,0,Units,0,Zero,,
DATAFLOW,OECD.TAD.ARP:DSD_FISH_EMP@DF_FISH_EMPL(1.0),"Employment in fisheries, aquaculture and processing",I,MYS,Malaysia,A,Annual,EMP,Employment,PS,Persons,INLAND,Inland waters fishing,_T,Total,_T,Total,2009,,4998,,A,Normal value,,,0,Units,0,Zero,,
DATAFLOW,OECD.TAD.ARP:DSD_FISH_EMP@DF_FISH_EMPL(1.0),"Employment in fisheries, aquaculture and processing",I,IDN,Indonesia,A,Annual,EMP,Employment,PS,Persons,FISH,Fishing sector,_T,Total,_T,Total,2007,,2755794,,A,Normal value,,,0,Units,0,Zero,,
DATAFLOW,OECD.TAD.ARP:DSD_FISH_EMP@DF_FISH_EMPL(1.0),"Employment in fisheries, aquaculture and processing",I,IDN,Indonesia,A,Annual,EMP,Employment,PS,Persons,FISH,Fishing sector,_T,Total,_T,Total,2006,,2700174,,A,Normal value,,,0,Units,0,Zero,,
DATAFLOW,OECD.TAD.ARP:DSD_FISH_EMP@DF_FISH_EMPL(1.0),"Employment in fisheries, aquaculture and processing",I,IDN,Indonesia,A,Annual,EMP,Employment,PS,Persons,FISH,Fishing sector,_T,Total,_T,Total,2021,,2925818,,A,Normal value,,,0,Units,0,Zero,,
DATAFLOW,OECD.TAD.ARP:DSD_FISH_EMP@DF_FISH_EMPL(1.0),"Employment in fisheries, aquaculture and processing",I,IDN,Indonesia,A,Annual,EMP,Employment,PS,Persons,FISH,Fishing sector,_T,Total,_T,Total,2005,,2590364,,A,Normal value,,,0,Units,0,Zero,,
DATAFLOW,OECD.TAD.ARP:DSD_FISH_EMP@DF_FISH_EMPL(1.0),"Employment in fisheries, aquaculture and processing",I,IDN,Indonesia,A,Annual,EMP,Employment,PS,Persons,FISH,Fishing sector,_T,Total,_T,Total,2004,,2935289,,A,Normal value,,,0,Units,0,Zero,,
DATAFLOW,OECD.TAD.ARP:DSD_FISH_EMP@DF_FISH_EMPL(1.0),"Employment in fisheries, aquaculture and processing",I,IDN,Indonesia,A,Annual,EMP,Employment,PS,Persons,FISH,Fishing sector,_T,Total,_T,Total,2003,,3857597,,A,Normal value,,,0,Units,0,Zero,,
DATAFLOW,OECD.TAD.ARP:DSD_FISH_EMP@DF_FISH_EMPL(1.0),"Employment in fisheries, aquaculture and processing",I,IDN,Indonesia,A,Annual,EMP,Employment,PS,Persons,FISH,Fishing sector,_T,Total,_T,Total,2002,,3046473,,A,Normal value,,,0,Units,0,Zero,,
DATAFLOW,OECD.TAD.ARP:DSD_FISH_EMP@DF_FISH_EMPL(1.0),"Employment in fisheries, aquaculture and processing",I,IDN,Indonesia,A,Annual,EMP,Employment,PS,Persons,FISH,Fishing sector,_T,Total,_T,Total,2001,,3286500,,A,Normal value,,,0,Units,0,Zero,,
DATAFLOW,OECD.TAD.ARP:DSD_FISH_EMP@DF_FISH_EMPL(1.0),"Employment in fisheries, aquaculture and processing",I,IDN,Indonesia,A,Annual,EMP,Employment,PS,Persons,FISH,Fishing sector,_T,Total,_T,Total,2000,,3104861,,A,Normal value,,,0,Units,0,Zero,,
DATAFLOW,OECD.TAD.ARP:DSD_FISH_EMP@DF_FISH_EMPL(1.0),"Employment in fisheries, aquaculture and processing",I,IDN,Indonesia,A,Annual,EMP,Employment,PS,Persons,FISH,Fishing sector,_T,Total,_T,Total,2020,,2849473,,A,Normal value,,,0,Units,0,Zero,,
DATAFLOW,OECD.TAD.ARP:DSD_FISH_EMP@DF_FISH_EMPL(1.0),"Employment in fisheries, aquaculture and processing",I,IDN,Indonesia,A,Annual,EMP,Employment,PS,Persons,FISH,Fishing sector,_T,Total,_T,Total,2019,,2736218,,A,Normal value,,,0,Units,0,Zero,,
DATAFLOW,OECD.TAD.ARP:DSD_FISH_EMP@DF_FISH_EMPL(1.0),"Employment in fisheries, aquaculture and processing",I,IDN,Indonesia,A,Annual,EMP,Employment,PS,Persons,FISH,Fishing sector,_T,Total,_T,Total,2018,,2637269,,A,Normal value,,,0,Units,0,Zero,,
DATAFLOW,OECD.TAD.ARP:DSD_FISH_EMP@DF_FISH_EMPL(1.0),"Employment in fisheries, aquaculture and processing",I,IDN,Indonesia,A,Annual,EMP,Employment,PS,Persons,FISH,Fishing sector,_T,Total,_T,Total,2017,,2667572,,A,Normal value,,,0,Units,0,Zero,,
DATAFLOW,OECD.TAD.ARP:DSD_FISH_EMP@DF_FISH_EMPL(1.0),"Employment in fisheries, aquaculture and processing",I,IDN,Indonesia,A,Annual,EMP,Employment,PS,Persons,FISH,Fishing sector,_T,Total,_T,Total,2016,,2601638,,A,Normal value,,,0,Units,0,Zero,,
DATAFLOW,OECD.TAD.ARP:DSD_FISH_EMP@DF_FISH_EMPL(1.0),"Employment in fisheries, aquaculture and processing",I,IDN,Indonesia,A,Annual,EMP,Employment,PS,Persons,FISH,Fishing sector,_T,Total,_T,Total,2015,,2702664,,A,Normal value,,,0,Units,0,Zero,,
DATAFLOW,OECD.TAD.ARP:DSD_FISH_EMP@DF_FISH_EMPL(1.0),"Employment in fisheries, aquaculture and processing",I,IDN,Indonesia,A,Annual,EMP,Employment,PS,Persons,FISH,Fishing sector,_T,Total,_T,Total,2014,,2667440,,A,Normal value,,,0,Units,0,Zero,,
DATAFLOW,OECD.TAD.ARP:DSD_FISH_EMP@DF_FISH_EMPL(1.0),"Employment in fisheries, aquaculture and processing",I,IDN,Indonesia,A,Annual,EMP,Employment,PS,Persons,FISH,Fishing sector,_T,Total,_T,Total,2013,,2640095,,A,Normal value,,,0,Units,0,Zero,,
DATAFLOW,OECD.TAD.ARP:DSD_FISH_EMP@DF_FISH_EMPL(1.0),"Employment in fisheries, aquaculture and processing",I,IDN,Indonesia,A,Annual,EMP,Employment,PS,Persons,FISH,Fishing sector,_T,Total,_T,Total,2012,,2748908,,A,Normal value,,,0,Units,0,Zero,,
DATAFLOW,OECD.TAD.ARP:DSD_FISH_EMP@DF_FISH_EMPL(1.0),"Employment in fisheries, aquaculture and processing",I,IDN,Indonesia,A,Annual,EMP,Employment,PS,Persons,FISH,Fishing sector,_T,Total,_T,Total,2011,,2755178,,A,Normal value,,,0,Units,0,Zero,,
DATAFLOW,OECD.TAD.ARP:DSD_FISH_EMP@DF_FISH_EMPL(1.0),"Employment in fisheries, aquaculture and processing",I,IDN,Indonesia,A,Annual,EMP,Employment,PS,Persons,FISH,Fishing sector,_T,Total,_T,Total,2010,,2620277,,A,Normal value,,,0,Units,0,Zero,,
DATAFLOW,OECD.TAD.ARP:DSD_FISH_EMP@DF_FISH_EMPL(1.0),"Employment in fisheries, aquaculture and processing",I,IDN,Indonesia,A,Annual,EMP,Employment,PS,Persons,FISH,Fishing sector,_T,Total,_T,Total,2009,,2641967,,A,Normal value,,,0,Units,0,Zero,,
DATAFLOW,OECD.TAD.ARP:DSD_FISH_EMP@DF_FISH_EMPL(1.0),"Employment in fisheries, aquaculture and processing",I,MYS,Malaysia,A,Annual,EMP,Employment,PS,Persons,FISH,Fishing sector,_T,Total,_T,Total,2010,,134620,,A,Normal value,,,0,Units,0,Zero,,
DATAFLOW,OECD.TAD.ARP:DSD_FISH_EMP@DF_FISH_EMPL(1.0),"Employment in fisheries, aquaculture and processing",I,IDN,Indonesia,A,Annual,EMP,Employment,PS,Persons,AQUA,Aquaculture,_T,Total,_T,Total,2008,,2759417,,A,Normal value,,,0,Units,0,Zero,,
DATAFLOW,OECD.TAD.ARP:DSD_FISH_EMP@DF_FISH_EMPL(1.0),"Employment in fisheries, aquaculture and processing",I,IDN,Indonesia,A,Annual,EMP,Employment,PS,Persons,MARINE_NEI,"Marine fishing, nei",_T,Total,_T,Total,2008,,2240067,,A,Normal value,,,0,Units,0,Zero,,
DATAFLOW,OECD.TAD.ARP:DSD_FISH_EMP@DF_FISH_EMPL(1.0),"Employment in fisheries, aquaculture and processing",I,MYS,Malaysia,A,Annual,EMP,Employment,PS,Persons,AQUA,Aquaculture,_T,Total,_T,Total,2008,,30634,,A,Normal value,,,0,Units,0,Zero,,
DATAFLOW,OECD.TAD.ARP:DSD_FISH_EMP@DF_FISH_EMPL(1.0),"Employment in fisheries, aquaculture and processing",I,IDN,Indonesia,A,Annual,EMP,Employment,PS,Persons,PROC,Processing,_T,Total,_T,Total,2008,,61064,,A,Normal value,,,0,Units,0,Zero,,
DATAFLOW,OECD.TAD.ARP:DSD_FISH_EMP@DF_FISH_EMPL(1.0),"Employment in fisheries, aquaculture and processing",I,MYS,Malaysia,A,Annual,EMP,Employment,PS,Persons,MARINE_NEI,"Marine fishing, nei",_T,Total,_T,Total,2008,,109771,,A,Normal value,,,0,Units,0,Zero,,
DATAFLOW,OECD.TAD.ARP:DSD_FISH_EMP@DF_FISH_EMPL(1.0),"Employment in fisheries, aquaculture and processing",I,IDN,Indonesia,A,Annual,EMP,Employment,PS,Persons,INLAND,Inland waters fishing,_T,Total,_T,Total,2008,,496499,,A,Normal value,,,0,Units,0,Zero,,
DATAFLOW,OECD.TAD.ARP:DSD_FISH_EMP@DF_FISH_EMPL(1.0),"Employment in fisheries, aquaculture and processing",I,MYS,Malaysia,A,Annual,EMP,Employment,PS,Persons,INLAND,Inland waters fishing,_T,Total,_T,Total,2008,,4998,,A,Normal value,,,0,Units,0,Zero,,
DATAFLOW,OECD.TAD.ARP:DSD_FISH_EMP@DF_FISH_EMPL(1.0),"Employment in fisheries, aquaculture and processing",I,IDN,Indonesia,A,Annual,EMP,Employment,PS,Persons,FISH,Fishing sector,_T,Total,_T,Total,2008,,2736566,,A,Normal value,,,0,Units,0,Zero,,
DATAFLOW,OECD.TAD.ARP:DSD_FISH_EMP@DF_FISH_EMPL(1.0),"Employment in fisheries, aquaculture and processing",I,IDN,Indonesia,A,Annual,EMP,Employment,PS,Persons,MARINE_NEI,"Marine fishing, nei",_T,Total,_T,Total,2001,,2562945,,A,Normal value,,,0,Units,0,Zero,,
DATAFLOW,OECD.TAD.ARP:DSD_FISH_EMP@DF_FISH_EMPL(1.0),"Employment in fisheries, aquaculture and processing",I,IDN,Indonesia,A,Annual,EMP,Employment,PS,Persons,MARINE_NEI,"Marine fishing, nei",_T,Total,_T,Total,2000,,2486456,,A,Normal value,,,0,Units,0,Zero,,
DATAFLOW,OECD.TAD.ARP:DSD_FISH_EMP@DF_FISH_EMPL(1.0),"Employment in fisheries, aquaculture and processing",I,IDN,Indonesia,A,Annual,EMP,Employment,PS,Persons,MARINE_NEI,"Marine fishing, nei",_T,Total,_T,Total,2020,,2359064,,A,Normal value,,,0,Units,0,Zero,,
DATAFLOW,OECD.TAD.ARP:DSD_FISH_EMP@DF_FISH_EMPL(1.0),"Employment in fisheries, aquaculture and processing",I,IDN,Indonesia,A,Annual,EMP,Employment,PS,Persons,MARINE_NEI,"Marine fishing, nei",_T,Total,_T,Total,2019,,2088959,,A,Normal value,,,0,Units,0,Zero,,
DATAFLOW,OECD.TAD.ARP:DSD_FISH_EMP@DF_FISH_EMPL(1.0),"Employment in fisheries, aquaculture and processing",I,IDN,Indonesia,A,Annual,EMP,Employment,PS,Persons,MARINE_NEI,"Marine fishing, nei",_T,Total,_T,Total,2018,,2292024,,A,Normal value,,,0,Units,0,Zero,,
